{"cameraMode":{"drawMode":0,"name":"Shaded","section":"Shading Mode"},"sceneLighting":true,"audioPlay":false,"sceneViewState":{"m_AlwaysRefresh":false,"showFog":true,"showSkybox":false,"showFlares":true,"showImageEffects":true,"showParticleSystems":true,"showVisualEffectGraphs":true,"m_FxEnabled":true},"in2DMode":false,"pivot":{"x":0.2464902400970459,"y":1.5799356698989869,"z":66.71419525146485},"rotation":{"x":0.025760764256119729,"y":0.06383879482746124,"z":-0.001636758679524064,"w":0.997674286365509},"size":3.219660520553589,"orthographic":false}